<?xml version="1.0" encoding="UTF-8"?>
<office:document-content xmlns:css3t="http://www.w3.org/TR/css3-text/" xmlns:grddl="http://www.w3.org/2003/g/data-view#" xmlns:xhtml="http://www.w3.org/1999/xhtml" xmlns:xsi="http://www.w3.org/2001/XMLSchema-instance" xmlns:xsd="http://www.w3.org/2001/XMLSchema" xmlns:xforms="http://www.w3.org/2002/xforms" xmlns:dom="http://www.w3.org/2001/xml-events" xmlns:script="urn:oasis:names:tc:opendocument:xmlns:script:1.0" xmlns:form="urn:oasis:names:tc:opendocument:xmlns:form:1.0" xmlns:math="http://www.w3.org/1998/Math/MathML" xmlns:office="urn:oasis:names:tc:opendocument:xmlns:office:1.0" xmlns:ooo="http://openoffice.org/2004/office" xmlns:fo="urn:oasis:names:tc:opendocument:xmlns:xsl-fo-compatible:1.0" xmlns:ooow="http://openoffice.org/2004/writer" xmlns:xlink="http://www.w3.org/1999/xlink" xmlns:drawooo="http://openoffice.org/2010/draw" xmlns:oooc="http://openoffice.org/2004/calc" xmlns:dc="http://purl.org/dc/elements/1.1/" xmlns:calcext="urn:org:documentfoundation:names:experimental:calc:xmlns:calcext:1.0" xmlns:style="urn:oasis:names:tc:opendocument:xmlns:style:1.0" xmlns:text="urn:oasis:names:tc:opendocument:xmlns:text:1.0" xmlns:of="urn:oasis:names:tc:opendocument:xmlns:of:1.2" xmlns:tableooo="http://openoffice.org/2009/table" xmlns:draw="urn:oasis:names:tc:opendocument:xmlns:drawing:1.0" xmlns:dr3d="urn:oasis:names:tc:opendocument:xmlns:dr3d:1.0" xmlns:rpt="http://openoffice.org/2005/report" xmlns:formx="urn:openoffice:names:experimental:ooxml-odf-interop:xmlns:form:1.0" xmlns:svg="urn:oasis:names:tc:opendocument:xmlns:svg-compatible:1.0" xmlns:chart="urn:oasis:names:tc:opendocument:xmlns:chart:1.0" xmlns:officeooo="http://openoffice.org/2009/office" xmlns:table="urn:oasis:names:tc:opendocument:xmlns:table:1.0" xmlns:meta="urn:oasis:names:tc:opendocument:xmlns:meta:1.0" xmlns:loext="urn:org:documentfoundation:names:experimental:office:xmlns:loext:1.0" xmlns:number="urn:oasis:names:tc:opendocument:xmlns:datastyle:1.0" xmlns:field="urn:openoffice:names:experimental:ooo-ms-interop:xmlns:field:1.0" office:version="1.3"><office:scripts/><office:font-face-decls><style:font-face style:name="Bitstream Vera Sans" svg:font-family="&apos;Bitstream Vera Sans&apos;" style:font-family-generic="system" style:font-pitch="variable"/><style:font-face style:name="FreeSans" svg:font-family="FreeSans" style:font-family-generic="swiss"/><style:font-face style:name="FreeSans1" svg:font-family="FreeSans" style:font-family-generic="system" style:font-pitch="variable"/><style:font-face style:name="Liberation Mono" svg:font-family="&apos;Liberation Mono&apos;" style:font-family-generic="modern" style:font-pitch="fixed"/><style:font-face style:name="Liberation Sans" svg:font-family="&apos;Liberation Sans&apos;" style:font-family-generic="swiss" style:font-pitch="variable"/><style:font-face style:name="Liberation Serif" svg:font-family="&apos;Liberation Serif&apos;" style:font-family-generic="roman" style:font-pitch="variable"/></office:font-face-decls><office:automatic-styles><style:style style:name="fr1" style:family="graphic" style:parent-style-name="OLE"><style:graphic-properties style:horizontal-pos="center" style:horizontal-rel="paragraph" draw:ole-draw-aspect="1"/></style:style></office:automatic-styles><office:body><office:text><text:sequence-decls><text:sequence-decl text:display-outline-level="0" text:name="Illustration"/><text:sequence-decl text:display-outline-level="0" text:name="Table"/><text:sequence-decl text:display-outline-level="0" text:name="Text"/><text:sequence-decl text:display-outline-level="0" text:name="Drawing"/><text:sequence-decl text:display-outline-level="0" text:name="Figure"/></text:sequence-decls><text:p text:style-name="Preformatted_20_Text"/><text:p text:style-name="Preformatted_20_Text"><draw:frame draw:style-name="fr1" draw:name="Object1" text:anchor-type="char" svg:width="5.5516in" svg:height="3.9366in" draw:z-index="0"><draw:object xlink:href="file://192.168.49.51/mountains.jpg" xlink:type="simple" xlink:show="embed" xlink:actuate="onLoad"/><draw:image xlink:href="./ObjectReplacements/Object 1" xlink:type="simple" xlink:show="embed" xlink:actuate="onLoad"/></draw:frame></text:p><text:p text:style-name="Preformatted_20_Text">This is a test.</text:p></office:text></office:body></office:document-content>