<?xml version="1.0" encoding="UTF-8"?>
<office:document-meta xmlns:grddl="http://www.w3.org/2003/g/data-view#" xmlns:meta="urn:oasis:names:tc:opendocument:xmlns:meta:1.0" xmlns:dc="http://purl.org/dc/elements/1.1/" xmlns:xlink="http://www.w3.org/1999/xlink" xmlns:ooo="http://openoffice.org/2004/office" xmlns:office="urn:oasis:names:tc:opendocument:xmlns:office:1.0" office:version="1.3"><office:meta><dc:date>2022-09-24T13:46:16.796696800</dc:date><meta:editing-duration>PT1M17S</meta:editing-duration><meta:editing-cycles>1</meta:editing-cycles><meta:document-statistic meta:table-count="0" meta:image-count="0" meta:object-count="1" meta:page-count="1" meta:paragraph-count="1" meta:word-count="4" meta:character-count="15" meta:non-whitespace-character-count="12"/><meta:generator>LibreOffice/7.4.0.2$Linux_X86_64 LibreOffice_project/40$Build-2</meta:generator></office:meta></office:document-meta>